{"train_paths": ["src/training_data/simple_path/path_big/path_1.json", "src/training_data/simple_path/path_big/path_3_2.json"], "padding": {"pad_width": [[0, 1], [1, 1], [1, 1]], "constant_values": [["t", "T"], ["W", "W"], ["W", "W"]], "axis_order": [2, 1, 0]}, "local_transforms": {"flipx": true, "flipy": true, "rotxy": [1, 2, 3]}, "global_transforms": {"flipx": true, "flipy": true, "rotxy": [1, 2, 3]}, "grid_size": [6, 4, 4], "pattern_size": [2, 3, 3], "elapsed": {"0": 18.188305854797363, "1": 30.07347297668457, "2": 18.6536967754364, "3": 31.538858890533447, "4": 63.35741400718689, "5": 58.415292263031006, "6": 18.136580228805542, "7": 18.112843990325928, "8": 58.5008008480072, "9": 18.12129521369934, "total": 333.1179530620575}, "num_fails": "6/10"}