{"train_paths": ["src/training_data/simple_path/path_no_walls/path_1_nw.json"], "padding": {"pad_width": [[0, 1], [1, 1], [1, 1]], "constant_values": [["t", "T"], ["_", "_"], ["_", "_"]], "axis_order": [2, 1, 0]}, "local_transforms": {"flipx": true, "flipy": true, "rotxy": [1, 2, 3]}, "global_transforms": {"flipx": true, "flipy": true, "rotxy": [1, 2, 3]}, "grid_size": [10, 6, 6], "pattern_size": [2, 3, 3], "elapsed": {"0": 79.78783297538757, "1": 149.23484897613525, "2": 110.92785930633545, "3": 128.4398500919342, "4": 354.5016767978668, "5": 343.94470500946045, "6": 195.18995714187622, "7": 183.08748579025269, "8": 270.830246925354, "9": 253.60040807724, "total": 2069.588616847992, "average": 206.9588616847992}, "num_fails": "5/10", "init_fn": "path_no_blank", "success": {"9": false, "0": false, "7": true, "6": true, "1": false, "8": true, "4": true, "3": false, "2": false, "5": true}, "effective_length": {"7": 3, "6": 3, "8": 10, "4": 10, "5": 10, "average": 7.2}, "has_extra_P": {"7": true, "6": true, "8": true, "4": true, "5": true}, "unbroken_effective_length": {}, "num_trivial_unbroken": 0, "num_trivial": 2, "num_has_extra_P": 5, "pct_trivial": 0.4, "pct_has_extra_P": 1.0}