{"train_paths": ["src/training_data/simple_path/path_no_walls/path_1_nw.json"], "padding": {"pad_width": [[0, 1], [1, 1], [1, 1]], "constant_values": [["t", "T"], ["_", "_"], ["_", "_"]], "axis_order": [2, 1, 0]}, "local_transforms": {"flipx": true, "flipy": true, "rotxy": [1, 2, 3]}, "global_transforms": {"flipx": true, "flipy": true, "rotxy": [1, 2, 3]}, "grid_size": [10, 6, 6], "pattern_size": [2, 3, 3], "elapsed": {"0": 79.78783297538757, "1": 149.23484897613525, "2": 110.92785930633545, "3": 128.4398500919342, "4": 354.5016767978668, "5": 343.94470500946045, "6": 195.18995714187622, "7": 183.08748579025269, "8": 270.830246925354, "9": 253.60040807724, "total": 2069.588616847992}, "num_fails": "5/10"}