{"train_paths": ["src/training_data/sokoban/soko_1.json"], "padding": {"pad_width": [[0, 1], [1, 1], [1, 1]], "constant_values": [["t", "T"], ["_", "_"], ["_", "_"]], "axis_order": [2, 1, 0]}, "local_transforms": {"flipx": true, "flipy": true, "rotxy": [1, 2, 3]}, "global_transforms": {"flipx": true, "flipy": true, "rotxy": [1, 2, 3]}, "grid_size": [6, 4, 4], "pattern_size": [2, 3, 3], "elapsed": {"0": 504.6566541194916, "1": 186.22270488739014, "2": 508.25032782554626, "3": 488.1704857349396, "4": 439.6473867893219, "5": 496.26527309417725, "6": 443.02136969566345, "7": 489.08158802986145, "8": 184.371111869812, "9": 370.94471502304077, "total": 4110.66247010231}, "num_fails": "10/10"}