{"train_paths": ["src/training_data/simple_path/path_no_walls/path_1_nw.json"], "padding": {"pad_width": [[0, 1], [2, 2], [2, 2]], "constant_values": [["t", "T"], ["_", "_"], ["_", "_"]], "axis_order": [2, 1, 0]}, "local_transforms": {"flipx": true, "flipy": true, "rotxy": [1, 2, 3]}, "global_transforms": {"flipx": true, "flipy": true, "rotxy": [1, 2, 3]}, "grid_size": [6, 4, 4], "pattern_size": [2, 3, 3], "elapsed": {"0": 65.15501284599304, "1": 106.32908892631531, "2": 88.53085994720459, "3": 96.90183401107788, "4": 83.02051520347595, "5": 99.9944760799408, "6": 141.75815081596375, "7": 121.63744020462036, "8": 17.183948040008545, "9": 136.79853105545044, "total": 957.341136932373}, "num_fails": "2/10"}