{"train_paths": ["src/training_data/simple_path/path_no_walls/path_3_2_nw.json"], "padding": {"pad_width": [[0, 1], [2, 2], [2, 2]], "constant_values": [["t", "T"], ["_", "_"], ["_", "_"]], "axis_order": [2, 1, 0]}, "local_transforms": {"flipx": true, "flipy": true, "rotxy": [1, 2, 3]}, "global_transforms": {"flipx": true, "flipy": true, "rotxy": [1, 2, 3]}, "grid_size": [10, 6, 6], "pattern_size": [2, 3, 3], "elapsed": {"0": 323.6948947906494, "1": 335.44094491004944, "2": 229.89311480522156, "3": 271.74678897857666, "4": 318.1109027862549, "5": 289.8525140285492, "6": 121.37664818763733, "7": 263.3203811645508, "8": 239.75737285614014, "9": 358.69408893585205, "total": 2751.9299578666687}, "num_fails": "5/10"}