{"train_paths": ["src/training_data/simple_path/path_no_walls/path_3_2_nw.json"], "padding": {"pad_width": [[0, 1], [2, 2], [2, 2]], "constant_values": [["t", "T"], ["_", "_"], ["_", "_"]], "axis_order": [2, 1, 0]}, "local_transforms": {"flipx": true, "flipy": true, "rotxy": [1, 2, 3]}, "global_transforms": {"flipx": true, "flipy": true, "rotxy": [1, 2, 3]}, "grid_size": [6, 4, 4], "pattern_size": [2, 3, 3], "elapsed": {"0": 36.51681995391846, "1": 60.92665505409241, "2": 49.46332311630249, "3": 50.53260111808777, "4": 42.617867946624756, "5": 73.20495104789734, "6": 95.34621119499207, "7": 50.13917422294617, "8": 61.8403902053833, "9": 73.8407530784607, "total": 594.4622168540955}, "num_fails": "4/10"}