{"game_num_success": 14, "game_num_trivial": 10, "game_pct_trivial": 0.7142857142857143, "game_num_has_extra_P": 9, "game_pct_has_extra_P": 0.6428571428571429}