{"train_paths": ["src/training_data/simple_path/path_no_walls/path_3_2_nw.json"], "padding": {"pad_width": [[0, 1], [3, 3], [3, 3]], "constant_values": [["t", "T"], ["_", "_"], ["_", "_"]], "axis_order": [2, 1, 0]}, "local_transforms": {"flipx": true, "flipy": true, "rotxy": [1, 2, 3]}, "global_transforms": {"flipx": true, "flipy": true, "rotxy": [1, 2, 3]}, "grid_size": [10, 6, 6], "pattern_size": [2, 3, 3], "elapsed": {"0": 1115.055274963379, "1": 545.8216140270233, "2": 564.346232175827, "3": 825.2390909194946, "4": 457.11697268486023, "5": 612.2022550106049, "6": 632.362468957901, "7": 582.6509819030762, "8": 426.97341322898865, "9": 719.8950319290161, "total": 6481.7121839523315}, "num_fails": "6/10"}