{"train_paths": ["src/training_data/simple_path/path_no_walls/path_3_2_nw.json"], "padding": {"pad_width": [[0, 1], [1, 1], [1, 1]], "constant_values": [["t", "T"], ["_", "_"], ["_", "_"]], "axis_order": [2, 1, 0]}, "local_transforms": {"flipx": true, "flipy": true, "rotxy": [1, 2, 3]}, "global_transforms": {"flipx": true, "flipy": true, "rotxy": [1, 2, 3]}, "grid_size": [10, 6, 6], "pattern_size": [2, 3, 3], "elapsed": {"0": 196.15851402282715, "1": 76.56101703643799, "2": 106.0734179019928, "3": 102.6642198562622, "4": 146.62422966957092, "5": 114.27239608764648, "6": 107.36491584777832, "7": 151.62858414649963, "8": 122.72592091560364, "9": 29.01404333114624, "total": 1153.1199758052826}, "num_fails": "5/10"}