{"train_paths": ["src/training_data/simple_path/path_big/path_1.json", "src/training_data/simple_path/path_big/path_3_2.json"], "padding": {"pad_width": [[0, 1], [1, 1], [1, 1]], "constant_values": [["t", "T"], ["W", "W"], ["W", "W"]], "axis_order": [2, 1, 0]}, "local_transforms": {"flipx": true, "flipy": true, "rotxy": [1, 2, 3]}, "global_transforms": {"flipx": true, "flipy": true, "rotxy": [1, 2, 3]}, "grid_size": [10, 6, 6], "pattern_size": [2, 3, 3], "elapsed": {"0": 220.44148778915405, "1": 970.5796551704407, "2": 470.1173298358917, "3": 992.3819599151611, "4": 119.82553696632385, "5": 1068.583368062973, "6": 1002.1864547729492, "7": 969.9754092693329, "8": 526.7266380786896, "9": 967.7309629917145, "total": 7308.589234113693, "average": 730.8589234113693}, "num_fails": "7/10", "init_fn": "path_no_blank", "success": {"4": true, "9": false, "7": false, "6": false, "1": false, "8": false, "0": true, "3": true, "2": false, "5": false}, "effective_length": {"4": 10, "0": 2, "3": 9, "average": 7.0}, "num_trivial": 1, "num_has_extra_P": 3, "pct_trivial": 0.3333333333333333, "pct_has_extra_P": 1.0}