{
    "train_paths": [
        "stwfc/training_data/soko/soko_0.json"
    ],
    "padding": {
        "pad_width": [
            [
                0,
                1
            ],
            [
                1,
                1
            ],
            [
                1,
                1
            ]
        ],
        "constant_values": [
            [
                "t",
                "T"
            ],
            [
                "_",
                "_"
            ],
            [
                "_",
                "_"
            ]
        ],
        "axis_order": [
            2,
            1,
            0
        ]
    },
    "local_transforms": {
        "flipx": true,
        "flipy": true,
        "rotxy": [
            1,
            2,
            3
        ]
    },
    "global_transforms": {
        "flipx": true,
        "flipy": true,
        "rotxy": [
            1,
            2,
            3
        ]
    },
    "grid_size": [
        6,
        4,
        4
    ],
    "pattern_size": [
        2,
        3,
        3
    ],
    "elapsed": {
        "0": 19.62289834022522,
        "1": 99.96053695678711,
        "2": 15.578605651855469,
        "3": 20.82541561126709,
        "4": 30.147501230239868,
        "5": 189.96728801727295,
        "6": 168.02254438400269,
        "7": 164.8002552986145,
        "8": 64.93539953231812,
        "9": 23.690951824188232,
        "total": 797.5630781650543
    },
    "num_fails": "4/10"
}