{"train_paths": ["stwfc/training_data/soko/soko_0.json"], "padding": {"pad_width": [[0, 1], [1, 1], [1, 1]], "constant_values": [["t", "T"], ["_", "_"], ["_", "_"]], "axis_order": [2, 1, 0]}, "local_transforms": {"flipx": true, "flipy": true, "rotxy": [1, 2, 3]}, "global_transforms": {"flipx": true, "flipy": true, "rotxy": [1, 2, 3]}, "grid_size": [6, 4, 4], "pattern_size": [2, 3, 3], "elapsed": {"0": 19.58549213409424, "1": 101.68972420692444, "2": 18.8851900100708, "3": 18.687446117401123, "4": 30.574257373809814, "5": 195.4662446975708, "6": 160.62671566009521, "7": 159.4551932811737, "8": 63.3186092376709, "9": 22.80560874938965, "total": 791.1084568500519}, "num_fails": "4/10"}