{
    "train_paths": [
        "stwfc/training_data/soko/soko_0.json"
    ],
    "padding": {
        "pad_width": [
            [
                0,
                1
            ],
            [
                1,
                1
            ],
            [
                1,
                1
            ]
        ],
        "constant_values": [
            [
                "t",
                "T"
            ],
            [
                "_",
                "_"
            ],
            [
                "_",
                "_"
            ]
        ],
        "axis_order": [
            2,
            1,
            0
        ]
    },
    "local_transforms": {
        "flipx": true,
        "flipy": true,
        "rotxy": [
            1,
            2,
            3
        ]
    },
    "global_transforms": {
        "flipx": true,
        "flipy": true,
        "rotxy": [
            1,
            2,
            3
        ]
    },
    "grid_size": [
        6,
        6,
        6
    ],
    "pattern_size": [
        2,
        3,
        3
    ],
    "elapsed": {
        "0": 463.5855016708374,
        "1": 651.2045907974243,
        "2": 176.57641911506653,
        "3": 471.5437955856323,
        "4": 453.25272154808044,
        "5": 242.4869349002838,
        "6": 264.51489758491516,
        "7": 432.6815640926361,
        "8": 484.8325538635254,
        "9": 231.9949986934662,
        "total": 3872.713684797287
    },
    "num_fails": "4/10"
}