{"train_paths": ["src/training_data/simple_path/path_no_walls/path_1_nw.json"], "padding": {"pad_width": [[0, 1], [2, 2], [2, 2]], "constant_values": [["t", "T"], ["_", "_"], ["_", "_"]], "axis_order": [2, 1, 0]}, "local_transforms": {"flipx": true, "flipy": true, "rotxy": [1, 2, 3]}, "global_transforms": {"flipx": true, "flipy": true, "rotxy": [1, 2, 3]}, "grid_size": [6, 4, 4], "pattern_size": [2, 3, 3], "elapsed": {"0": 63.461721897125244, "1": 107.30095601081848, "2": 88.26182985305786, "3": 97.60991978645325, "4": 83.33719491958618, "5": 100.4405779838562, "6": 142.5786669254303, "7": 122.00954008102417, "8": 17.25585103034973, "9": 137.3628420829773, "total": 959.6512942314148}, "num_fails": "2/10"}