{"train_paths": ["src/training_data/blockdude/solutions/block_00"], "padding": {"pad_width": [[0, 1], [1, 1], [1, 1]], "constant_values": [["t", "T"], ["_", "W"], ["_", "_"]], "axis_order": [2, 1, 0]}, "local_transforms": {}, "global_transforms": {"flip_x": true}, "grid_size": [10, 6, 6], "pattern_size": [2, 3, 3], "elapsed": {"0": 715.3278210163116, "1": 719.0472979545593, "2": 709.0980041027069, "3": 708.4651651382446, "4": 708.0270421504974, "5": 708.6409947872162, "6": 1546.1324939727783, "7": 722.5714087486267, "8": 721.8486692905426, "9": 745.2064008712769, "total": 8004.42529797554}, "num_fails": "0/10"}