{"train_paths": ["src/training_data/limerick"], "padding": {"pad_width": [[0, 1], [1, 1], [1, 1]], "constant_values": [["t", "T"], ["_", "W"], ["_", "_"]], "axis_order": [2, 1, 0]}, "local_transforms": {"flipy": true}, "global_transforms": {"flipy": true}, "grid_size": [10, 5, 7], "pattern_size": [2, 3, 3], "elapsed": {"0": 97.0777359008789, "1": 97.11813402175903, "2": 97.19167733192444, "3": 96.96063613891602, "4": 99.87393617630005, "5": 97.13511896133423, "6": 96.71058702468872, "7": 96.83431077003479, "8": 96.81423306465149, "9": 96.69992709159851, "total": 972.4535450935364}, "num_fails": "0/10"}