{"train_paths": ["src/training_data/simple_path/path_big/path_1.json", "src/training_data/simple_path/path_big/path_3.json"], "padding": {"pad_width": [[0, 1], [1, 1], [1, 1]], "constant_values": [["t", "T"], ["W", "W"], ["W", "W"]], "axis_order": [2, 1, 0]}, "local_transforms": {"flipx": true, "flipy": true, "rotxy": [1, 2, 3]}, "global_transforms": {"flipx": true, "flipy": true, "rotxy": [1, 2, 3]}, "grid_size": [10, 6, 6], "pattern_size": [2, 3, 3], "elapsed": {"0": 161.0625021457672, "1": 635.142247915268, "2": 453.4095323085785, "3": 634.5571291446686, "4": 410.6934459209442, "5": 343.98683285713196, "6": 343.7859830856323, "7": 759.5902547836304, "8": 3478.22749376297, "9": 1242.7067708969116, "total": 8463.225443840027, "average": 846.3225443840026}, "num_fails": "9/10", "init_fn": "path_no_blank", "success": {"9": false, "0": false, "7": true, "6": false, "1": false, "8": false, "4": false, "3": false, "2": false, "5": false}, "effective_length": {"7": 10, "average": 10.0}, "num_trivial": 0, "num_has_extra_P": 0, "pct_trivial": 0.0, "pct_has_extra_P": 0.0}