{"train_paths": ["src/training_data/simple_path/path_no_walls/path_3_2_nw.json"], "padding": {"pad_width": [[0, 1], [1, 1], [1, 1]], "constant_values": [["t", "T"], ["_", "_"], ["_", "_"]], "axis_order": [2, 1, 0]}, "local_transforms": {"flipx": true, "flipy": true, "rotxy": [1, 2, 3]}, "global_transforms": {"flipx": true, "flipy": true, "rotxy": [1, 2, 3]}, "grid_size": [6, 4, 4], "pattern_size": [2, 3, 3], "elapsed": {"0": 4.5247087478637695, "1": 11.187773942947388, "2": 4.18067479133606, "3": 7.7232139110565186, "4": 3.9003782272338867, "5": 29.863229990005493, "6": 7.836965322494507, "7": 10.036383867263794, "8": 2.728808879852295, "9": 20.8365159034729, "total": 102.83862709999084, "average": 10.283862709999084}, "num_fails": "5/10", "init_fn": "path_no_blank", "success": {"5": true, "2": true, "f": false, "0": true, "9": true, "3": true}, "effective_length": {"5": 2, "2": 2, "0": 4, "9": 6, "3": 2, "average": 3.2}, "has_extra_P": {"5": true, "2": true, "0": false, "9": false, "3": true}, "unbroken_effective_length": {"0": 4, "9": 6, "average": 5.0}, "num_trivial_unbroken": 0, "num_trivial": 3, "num_has_extra_P": 3, "pct_trivial": 0.6, "pct_has_extra_P": 0.6}