{"train_paths": ["src/training_data/simple_path/path_big/path_1.json", "src/training_data/simple_path/path_big/path_3.json"], "padding": {"pad_width": [[0, 1], [1, 1], [1, 1]], "constant_values": [["t", "T"], ["_", "_"], ["_", "_"]], "axis_order": [2, 1, 0]}, "local_transforms": {"flipx": true, "flipy": true, "rotxy": [1, 2, 3]}, "global_transforms": {"flipx": true, "flipy": true, "rotxy": [1, 2, 3]}, "grid_size": [10, 6, 6], "pattern_size": [2, 3, 3], "elapsed": {"0": 318.110472202301, "1": 679.3128230571747, "2": 490.35983991622925, "3": 603.8376650810242, "4": 621.2141351699829, "5": 571.8431370258331, "6": 506.5161032676697, "7": 702.7327921390533, "8": 591.1671607494354, "9": 435.47787976264954, "total": 5520.616041898727}, "num_fails": "4/10"}