{"train_paths": ["src/training_data/simple_path/path_no_walls/path_1_nw.json"], "padding": {"pad_width": [[0, 1], [2, 2], [2, 2]], "constant_values": [["t", "T"], ["_", "_"], ["_", "_"]], "axis_order": [2, 1, 0]}, "local_transforms": {"flipx": true, "flipy": true, "rotxy": [1, 2, 3]}, "global_transforms": {"flipx": true, "flipy": true, "rotxy": [1, 2, 3]}, "grid_size": [10, 6, 6], "pattern_size": [2, 3, 3], "elapsed": {"0": 291.7404251098633, "1": 354.75708389282227, "2": 310.9689517021179, "3": 318.5566656589508, "4": 711.7192578315735, "5": 439.51671624183655, "6": 546.467362165451, "7": 380.0420298576355, "8": 551.8361599445343, "9": 149.44411373138428, "total": 4055.088531970978}, "num_fails": "6/10"}