{"train_paths": ["src/training_data/simple_path/path_big/path_1.json", "src/training_data/simple_path/path_big/path_3.json"], "padding": {"pad_width": [[0, 1], [1, 1], [1, 1]], "constant_values": [["t", "T"], ["W", "W"], ["W", "W"]], "axis_order": [2, 1, 0]}, "local_transforms": {"flipx": true, "flipy": true, "rotxy": [1, 2, 3]}, "global_transforms": {"flipx": true, "flipy": true, "rotxy": [1, 2, 3]}, "grid_size": [10, 4, 4], "pattern_size": [2, 3, 3], "elapsed": {"0": 19.189960956573486, "1": 78.37745308876038, "2": 19.12705898284912, "3": 17.41222620010376, "4": 18.146449089050293, "5": 72.39471697807312, "6": 62.13156509399414, "7": 77.20860123634338, "8": 77.11869597434998, "9": 71.24661612510681, "total": 512.3865880966187}, "num_fails": "8/10"}