{"train_paths": ["src/training_data/simple_path/path_big/path_1.json", "src/training_data/simple_path/path_big/path_3.json"], "padding": {"pad_width": [[0, 1], [1, 1], [1, 1]], "constant_values": [["t", "T"], ["W", "W"], ["W", "W"]], "axis_order": [2, 1, 0]}, "local_transforms": {"flipx": true, "flipy": true, "rotxy": [1, 2, 3]}, "global_transforms": {"flipx": true, "flipy": true, "rotxy": [1, 2, 3]}, "grid_size": [6, 4, 4], "pattern_size": [2, 3, 3], "elapsed": {"0": 13.401081800460815, "1": 34.74303388595581, "2": 33.280455112457275, "3": 31.51267981529236, "4": 17.286792755126953, "5": 13.414114952087402, "6": 13.36208200454712, "7": 34.35050082206726, "8": 34.94880223274231, "9": 13.320404052734375, "total": 239.64295601844788, "average": 23.96429560184479}, "num_fails": "10/10", "init_fn": "path_no_blank", "success": {"9": false, "0": false, "7": false, "6": false, "1": false, "8": false, "4": false, "3": false, "2": false, "5": false}, "effective_length": {}}