{"train_paths": ["src/training_data/simple_path/path_no_walls/path_3_2_nw.json"], "padding": {"pad_width": [[0, 1], [2, 2], [2, 2]], "constant_values": [["t", "T"], ["_", "_"], ["_", "_"]], "axis_order": [2, 1, 0]}, "local_transforms": {"flipx": true, "flipy": true, "rotxy": [1, 2, 3]}, "global_transforms": {"flipx": true, "flipy": true, "rotxy": [1, 2, 3]}, "grid_size": [6, 4, 4], "pattern_size": [2, 3, 3], "elapsed": {"0": 34.131388902664185, "1": 54.13575887680054, "2": 53.012269020080566, "3": 45.07853889465332, "4": 50.33625888824463, "5": 55.57834005355835, "6": 43.51514387130737, "7": 77.61257195472717, "8": 86.4407799243927, "9": 48.75557017326355, "total": 548.6158306598663}, "num_fails": "2/10"}