{"train_paths": ["src/training_data/simple_path/path_no_walls/path_3_2_nw.json"], "padding": {"pad_width": [[0, 1], [1, 1], [1, 1]], "constant_values": [["t", "T"], ["_", "_"], ["_", "_"]], "axis_order": [2, 1, 0]}, "local_transforms": {"flipx": true, "flipy": true, "rotxy": [1, 2, 3]}, "global_transforms": {"flipx": true, "flipy": true, "rotxy": [1, 2, 3]}, "grid_size": [6, 4, 4], "pattern_size": [2, 3, 3], "elapsed": {"0": 4.355051040649414, "1": 16.409255743026733, "2": 4.0640740394592285, "3": 1.4317700862884521, "4": 7.21336030960083, "5": 13.697670221328735, "6": 1.4477760791778564, "7": 16.99665093421936, "8": 14.728757858276367, "9": 7.787506103515625, "total": 88.15067887306213}, "num_fails": "5/10"}