{"train_paths": ["src/training_data/blockdude/solutions/block_01"], "padding": {"pad_width": [[0, 1], [1, 1], [1, 1]], "constant_values": [["t", "T"], ["_", "W"], ["_", "_"]], "axis_order": [2, 1, 0]}, "local_transforms": {}, "global_transforms": {"flip_x": true}, "grid_size": [15, 6, 6], "pattern_size": [2, 3, 3], "elapsed": {"0": 970.6110978126526, "1": 918.1810832023621, "2": 927.4735238552094, "3": 953.3581759929657, "4": 931.1730687618256, "5": 934.226931810379, "6": 935.9751470088959, "7": 957.8748700618744, "8": 1907.5563700199127, "9": 1113.227530002594, "total": 10549.778692007065}, "num_fails": "0/10"}