{"train_paths": ["src/training_data/simple_path/path_no_walls/path_3_2_nw.json"], "padding": {"pad_width": [[0, 1], [1, 1], [1, 1]], "constant_values": [["t", "T"], ["_", "_"], ["_", "_"]], "axis_order": [2, 1, 0]}, "local_transforms": {"flipx": true, "flipy": true, "rotxy": [1, 2, 3]}, "global_transforms": {"flipx": true, "flipy": true, "rotxy": [1, 2, 3]}, "grid_size": [6, 4, 4], "pattern_size": [2, 3, 3], "elapsed": {"0": 4.5247087478637695, "1": 11.187773942947388, "2": 4.18067479133606, "3": 7.7232139110565186, "4": 3.9003782272338867, "5": 29.863229990005493, "6": 7.836965322494507, "7": 10.036383867263794, "8": 2.728808879852295, "9": 20.8365159034729, "total": 102.83862709999084}, "num_fails": "5/10"}