{"train_paths": ["src/training_data/maze"], "padding": {"pad_width": [[0, 1], [1, 1], [1, 1]], "constant_values": [["t", "T"], ["W", "W"], ["W", "W"]], "axis_order": [2, 1, 0]}, "local_transforms": {"flipx": true, "flipy": true, "rotxy": [1, 2, 3]}, "global_transforms": {"flipx": true, "flipy": true, "rotxy": [1, 2, 3]}, "grid_size": [6, 4, 4], "pattern_size": [2, 3, 3], "elapsed": {"0": 82.48041868209839, "1": 1044.5728158950806, "2": 679.6798779964447, "3": 670.8714699745178, "4": 87.42697501182556, "5": 50.97713804244995, "6": 64.8313479423523, "7": 661.4135091304779, "8": 62.53745222091675, "9": 1010.2696959972382, "total": 4415.091217279434}, "num_fails": "4/10"}