{"train_paths": ["src/training_data/simple_path/path_no_walls/path_3_2_nw.json"], "padding": {"pad_width": [[0, 1], [1, 1], [1, 1]], "constant_values": [["t", "T"], ["_", "_"], ["_", "_"]], "axis_order": [2, 1, 0]}, "local_transforms": {"flipx": true, "flipy": true, "rotxy": [1, 2, 3]}, "global_transforms": {"flipx": true, "flipy": true, "rotxy": [1, 2, 3]}, "grid_size": [6, 4, 4], "pattern_size": [2, 3, 3], "elapsed": {"0": 4.5625319480896, "1": 12.493982791900635, "2": 4.201411247253418, "3": 7.78656005859375, "4": 3.8573968410491943, "5": 30.239395141601562, "6": 7.8932881355285645, "7": 10.13567590713501, "8": 2.68674898147583, "9": 20.98734474182129, "total": 104.86389112472534}, "num_fails": "5/10"}