{"train_paths": ["src/training_data/simple_path/path_no_walls/path_1_nw.json"], "padding": {"pad_width": [[0, 1], [1, 1], [1, 1]], "constant_values": [["t", "T"], ["_", "_"], ["_", "_"]], "axis_order": [2, 1, 0]}, "local_transforms": {"flipx": true, "flipy": true, "rotxy": [1, 2, 3]}, "global_transforms": {"flipx": true, "flipy": true, "rotxy": [1, 2, 3]}, "grid_size": [6, 4, 4], "pattern_size": [2, 3, 3], "elapsed": {"0": 7.380450010299683, "1": 35.324350357055664, "2": 16.516724109649658, "3": 10.631574869155884, "4": 30.914508819580078, "5": 16.30123996734619, "6": 14.561415910720825, "7": 4.739084005355835, "8": 12.080323219299316, "9": 43.29421806335449, "total": 191.76937127113342, "average": 19.17693712711334}, "num_fails": "2/10", "init_fn": "path_no_blank", "success": {"2": true, "5": true, "6": true, "0": true, "f": false, "1": true, "4": true, "3": true, "7": true}, "effective_length": {"2": 3, "5": 3, "6": 6, "0": 1, "1": 2, "4": 1, "3": 6, "7": 3, "average": 3.125}, "has_extra_P": {"2": false, "5": false, "6": false, "0": true, "1": false, "4": true, "3": false, "7": false}, "unbroken_effective_length": {"2": 3, "5": 3, "6": 6, "1": 2, "3": 6, "7": 3, "average": 3.8333333333333335}, "num_trivial_unbroken": 4, "num_trivial": 6, "num_has_extra_P": 2, "pct_trivial": 0.75, "pct_has_extra_P": 0.25, "pct_trivial_unbroken": 0.6666666666666666}