{"train_paths": ["src/training_data/simple_path/path_no_walls/path_1_nw.json"], "padding": {"pad_width": [[0, 1], [1, 1], [1, 1]], "constant_values": [["t", "T"], ["_", "_"], ["_", "_"]], "axis_order": [2, 1, 0]}, "local_transforms": {"flipx": true, "flipy": true, "rotxy": [1, 2, 3]}, "global_transforms": {"flipx": true, "flipy": true, "rotxy": [1, 2, 3]}, "grid_size": [6, 4, 4], "pattern_size": [2, 3, 3], "elapsed": {"0": 7.380450010299683, "1": 35.324350357055664, "2": 16.516724109649658, "3": 10.631574869155884, "4": 30.914508819580078, "5": 16.30123996734619, "6": 14.561415910720825, "7": 4.739084005355835, "8": 12.080323219299316, "9": 43.29421806335449, "total": 191.76937127113342}, "num_fails": "2/10"}