{"train_paths": ["src/training_data/simple_path/path_no_walls/path_1_nw.json"], "padding": {"pad_width": [[0, 1], [2, 2], [2, 2]], "constant_values": [["t", "T"], ["_", "_"], ["_", "_"]], "axis_order": [2, 1, 0]}, "local_transforms": {"flipx": true, "flipy": true, "rotxy": [1, 2, 3]}, "global_transforms": {"flipx": true, "flipy": true, "rotxy": [1, 2, 3]}, "grid_size": [6, 4, 4], "pattern_size": [2, 3, 3], "elapsed": {"0": 63.461721897125244, "1": 107.30095601081848, "2": 88.26182985305786, "3": 97.60991978645325, "4": 83.33719491958618, "5": 100.4405779838562, "6": 142.5786669254303, "7": 122.00954008102417, "8": 17.25585103034973, "9": 137.3628420829773, "total": 959.6512942314148, "average": 95.96512942314148}, "num_fails": "2/10", "init_fn": "path_no_blank", "success": {"9": true, "0": true, "7": true, "6": true, "1": true, "8": false, "4": true, "3": true, "2": false, "5": true}, "effective_length": {"9": 6, "0": 6, "7": 3, "6": 5, "1": 3, "4": 1, "3": 3, "5": 3, "average": 3.75}, "has_extra_P": {"9": false, "0": false, "7": false, "6": false, "1": false, "4": true, "3": false, "5": false}, "unbroken_effective_length": {"9": 6, "0": 6, "7": 3, "6": 5, "1": 3, "3": 3, "5": 3, "average": 4.142857142857143}, "num_trivial_unbroken": 4, "num_trivial": 5, "num_has_extra_P": 1, "pct_trivial": 0.625, "pct_has_extra_P": 0.125, "pct_trivial_unbroken": 0.5714285714285714}