{"train_paths": ["src/training_data/simple_path/path_big/path_1.json", "src/training_data/simple_path/path_big/path_3_2.json"], "padding": {"pad_width": [[0, 1], [1, 1], [1, 1]], "constant_values": [["t", "T"], ["_", "_"], ["_", "_"]], "axis_order": [2, 1, 0]}, "local_transforms": {"flipx": true, "flipy": true, "rotxy": [1, 2, 3]}, "global_transforms": {"flipx": true, "flipy": true, "rotxy": [1, 2, 3]}, "grid_size": [6, 4, 4], "pattern_size": [2, 3, 3], "elapsed": {"0": 23.330268144607544, "1": 113.03021311759949, "2": 84.1496307849884, "3": 27.027043104171753, "4": 112.05868887901306, "5": 22.279539823532104, "6": 20.00583815574646, "7": 154.69770312309265, "8": 173.73917722702026, "9": 35.554423093795776, "total": 765.9010841846466, "average": 76.59010841846467}, "num_fails": "1/10", "init_fn": "path_no_blank", "success": {"9": true, "0": true, "7": true, "6": false, "1": true, "8": true, "4": true, "3": true, "2": true, "5": true}, "effective_length": {"9": 2, "0": 1, "7": 6, "1": 6, "8": 1, "4": 6, "3": 6, "2": 3, "5": 6, "average": 4.111111111111111}, "num_trivial": 4, "num_has_extra_P": 2, "pct_trivial": 0.4444444444444444, "pct_has_extra_P": 0.2222222222222222}