{"train_paths": ["src/training_data/simple_path/path_big/path_1.json", "src/training_data/simple_path/path_big/path_3_2.json"], "padding": {"pad_width": [[0, 1], [1, 1], [1, 1]], "constant_values": [["t", "T"], ["_", "_"], ["_", "_"]], "axis_order": [2, 1, 0]}, "local_transforms": {"flipx": true, "flipy": true, "rotxy": [1, 2, 3]}, "global_transforms": {"flipx": true, "flipy": true, "rotxy": [1, 2, 3]}, "grid_size": [6, 4, 4], "pattern_size": [2, 3, 3], "elapsed": {"0": 23.330268144607544, "1": 113.03021311759949, "2": 84.1496307849884, "3": 27.027043104171753, "4": 112.05868887901306, "5": 22.279539823532104, "6": 20.00583815574646, "7": 154.69770312309265, "8": 173.73917722702026, "9": 35.554423093795776, "total": 765.9010841846466}, "num_fails": "1/10"}