{"train_paths": ["src/training_data/blockdude/solutions/block_01"], "padding": {"pad_width": [[0, 1], [1, 1], [1, 1]], "constant_values": [["t", "T"], ["_", "W"], ["_", "_"]], "axis_order": [2, 1, 0]}, "local_transforms": {}, "global_transforms": {"flip_x": true}, "grid_size": [15, 6, 15], "pattern_size": [2, 3, 3], "elapsed": {"0": 1787.478865146637, "1": 2754.0120820999146, "2": 1788.1618270874023, "3": 1820.5138099193573, "4": 1813.6761128902435, "5": 1804.717102766037, "6": 1813.1156160831451, "7": 2444.9815571308136, "8": 1845.3097972869873, "9": 8072.713867902756, "total": 25944.886118888855}, "num_fails": "0/10"}