{"train_paths": ["src/training_data/simple_path/path_big/path_1.json", "src/training_data/simple_path/path_big/path_3_2.json"], "padding": {"pad_width": [[0, 1], [1, 1], [1, 1]], "constant_values": [["t", "T"], ["W", "W"], ["W", "W"]], "axis_order": [2, 1, 0]}, "local_transforms": {"flipx": true, "flipy": true, "rotxy": [1, 2, 3]}, "global_transforms": {"flipx": true, "flipy": true, "rotxy": [1, 2, 3]}, "grid_size": [6, 4, 4], "pattern_size": [2, 3, 3], "elapsed": {"0": 26.26133418083191, "1": 44.951945066452026, "2": 42.314781188964844, "3": 40.916996717453, "4": 21.393030881881714, "5": 18.525022983551025, "6": 18.56377387046814, "7": 44.51824069023132, "8": 45.3885440826416, "9": 18.61596703529358, "total": 321.47658228874207, "average": 32.14765822887421}, "num_fails": "9/10", "init_fn": "path_no_blank", "success": {"9": false, "0": false, "7": false, "6": false, "1": false, "8": true, "4": false, "3": false, "2": false, "5": false}, "effective_length": {"8": 2, "average": 2.0}, "num_trivial": 1, "num_has_extra_P": 0, "pct_trivial": 1.0, "pct_has_extra_P": 0.0}