{"train_paths": ["src/training_data/simple_path/path_no_walls"], "padding": {"pad_width": [[0, 1], [1, 1], [1, 1]], "constant_values": [["t", "T"], ["_", "_"], ["_", "_"]], "axis_order": [2, 1, 0]}, "local_transforms": {"flipx": true, "flipy": true, "rotxy": [1, 2, 3]}, "global_transforms": {"flipx": true, "flipy": true, "rotxy": [1, 2, 3]}, "grid_size": [10, 6, 6], "pattern_size": [2, 3, 3], "elapsed": {"0": 501.71103501319885, "1": 182.92430591583252, "2": 324.44621205329895, "3": 222.2882308959961, "4": 275.17537117004395, "5": 357.0257263183594, "6": 459.06886291503906, "7": 720.8208720684052, "8": 236.24132108688354, "9": 489.969988822937, "total": 3769.712292909622, "average": 376.97122929096224}, "num_fails": "5/10", "init_fn": "path_no_blank", "success": {"2": true, "6": true, "f": false, "7": true, "3": true, "5": true}, "effective_length": {"2": 9, "6": 10, "7": 10, "3": 10, "5": 10, "average": 9.8}, "has_extra_P": {"2": true, "6": true, "7": true, "3": true, "5": true}, "unbroken_effective_length": {}, "num_trivial_unbroken": 0, "num_trivial": 0, "num_has_extra_P": 5, "pct_trivial": 0.0, "pct_has_extra_P": 1.0}