{"train_paths": ["src/training_data/limerick"], "padding": {"pad_width": [[0, 1], [1, 1], [1, 1]], "constant_values": [["t", "T"], ["_", "W"], ["_", "_"]], "axis_order": [2, 1, 0]}, "local_transforms": {"flipx": true}, "global_transforms": {"flipx": true}, "grid_size": [10, 8, 20], "pattern_size": [2, 3, 3], "elapsed": {"0": 6224.451329946518, "1": 6113.839805841446, "2": 6071.839481830597, "3": 6067.264577150345, "4": 6136.749341011047, "5": 25065.484232902527, "6": 6229.260687828064, "7": 6130.343505144119, "8": 6208.53883099556, "9": 6161.03861117363, "total": 80408.87330913544}, "num_fails": "0/10"}