{"train_paths": ["src/training_data/simple_path/path_no_walls"], "padding": {"pad_width": [[0, 1], [1, 1], [1, 1]], "constant_values": [["t", "T"], ["_", "_"], ["_", "_"]], "axis_order": [2, 1, 0]}, "local_transforms": {"flipx": true, "flipy": true, "rotxy": [1, 2, 3]}, "global_transforms": {"flipx": true, "flipy": true, "rotxy": [1, 2, 3]}, "grid_size": [6, 4, 4], "pattern_size": [2, 3, 3], "elapsed": {"0": 11.719789981842041, "1": 24.1661639213562, "2": 4.717671155929565, "3": 15.51014494895935, "4": 25.78050684928894, "5": 19.821228981018066, "6": 12.821038007736206, "7": 37.21784210205078, "8": 16.09469699859619, "9": 30.929836988449097, "total": 198.80586981773376}, "num_fails": "0/10"}