{"train_paths": ["src/training_data/simple_path"], "padding": {"pad_width": [[0, 1], [1, 1], [1, 1]], "constant_values": [["t", "T"], ["_", "_"], ["_", "_"]], "axis_order": [2, 1, 0]}, "local_transforms": {"flipx": true, "flipy": true, "rotxy": [1, 2, 3]}, "global_transforms": {"flipx": true, "flipy": true, "rotxy": [1, 2, 3]}, "grid_size": [6, 4, 4], "pattern_size": [2, 3, 3], "elapsed": {"0": 177.56257605552673, "1": 323.93671011924744, "2": 318.13969588279724, "3": 438.69413208961487, "4": 182.96711230278015, "5": 372.862184047699, "6": 407.8768310546875, "7": 199.2548279762268, "8": 224.81862878799438, "9": 86.61342406272888, "total": 2732.7541239261627}, "num_fails": "0/10"}