{"train_paths": ["src/training_data/simple_path/path_no_walls"], "padding": {"pad_width": [[0, 1], [1, 1], [1, 1]], "constant_values": [["t", "T"], ["_", "_"], ["_", "_"]], "axis_order": [2, 1, 0]}, "local_transforms": {"flipx": true, "flipy": true, "rotxy": [1, 2, 3]}, "global_transforms": {"flipx": true, "flipy": true, "rotxy": [1, 2, 3]}, "grid_size": [10, 6, 6], "pattern_size": [2, 3, 3], "elapsed": {"0": 224.73497200012207, "1": 304.493923664093, "2": 223.83147406578064, "3": 226.00352811813354, "4": 318.46122431755066, "5": 329.860634803772, "6": 301.38689613342285, "7": 207.65753293037415, "8": 324.1285049915314, "9": 326.0837309360504, "total": 2786.6897768974304}, "num_fails": "3/10"}