method,avg_gen_time_sec,success_rate,trivial_rate,has_extra_P_rate,avg_effective_length,avg_density_non_blank
stwfc,79.75600000000001,0.6,0.5,0.5,"(3.8333333333333335,)",0.12499999999999999
block,0.9490000000000001,1.0,0.5,0.0,"(3.4,)",0.08330000000000001
diff,0.14100000000000001,1.0,0.0,0.0,"(5.5,)",0.08330000000000001
