method,avg_gen_time_sec,avg_effective_length,avg_density_non_blank,success_rate,trivial_rate,has_extra_P_rate
stwfc,79.75600000000001,2.3,0.075,0.6,0.3,0.3
block,0.9490000000000001,3.4,0.08330000000000001,1.0,0.5,0.0
diff,0.14100000000000001,5.5,0.08330000000000001,1.0,0.0,0.0
