{"train_paths": ["setup/field/path_1_nw.json"], "padding": {"pad_width": [[0, 1], [1, 1], [1, 1]], "constant_values": [["t", "T"], ["_", "_"], ["_", "_"]], "axis_order": [2, 1, 0]}, "local_transforms": {"flipx": true, "flipy": true, "rotxy": [1, 2, 3]}, "global_transforms": {"flipx": true, "flipy": true, "rotxy": [1, 2, 3]}, "grid_size": [10, 6, 6], "pattern_size": [2, 3, 3], "elapsed": {"0": 94.8392276763916, "1": 186.78710865974426, "2": 125.83047008514404, "3": 165.08203530311584, "4": 444.5078568458557, "total": 1017.0579171180725}, "num_fails": "4/5"}