{"game_num_success": 37, "game_num_trivial": 18, "game_pct_trivial": 0.4864864864864865, "game_num_has_extra_P": 23, "game_pct_has_extra_P": 0.6216216216216216}