{"train_paths": ["src/training_data/maze"], "padding": {"pad_width": [[0, 1], [1, 1], [1, 1]], "constant_values": [["t", "T"], ["W", "W"], ["W", "W"]], "axis_order": [2, 1, 0]}, "local_transforms": {"flipx": true, "flipy": true, "rotxy": [1, 2, 3]}, "global_transforms": {"flipx": true, "flipy": true, "rotxy": [1, 2, 3]}, "grid_size": [10, 6, 6], "pattern_size": [2, 3, 3], "elapsed": {"0": 713.0383219718933, "1": 11001.674571037292, "2": 6357.003902196884, "3": 25866.457526922226, "4": 39876.17183995247, "5": 14934.405542850494, "6": 4227.9563529491425, "7": 2907.6289620399475, "8": 3574.5402250289917, "9": 9927.608793258667, "total": 119386.54629397392}, "num_fails": "5/10"}