{"train_paths": ["src/training_data/simple_path/path_no_walls/path_1_nw.json"], "padding": {"pad_width": [[0, 1], [2, 2], [2, 2]], "constant_values": [["t", "T"], ["_", "_"], ["_", "_"]], "axis_order": [2, 1, 0]}, "local_transforms": {"flipx": true, "flipy": true, "rotxy": [1, 2, 3]}, "global_transforms": {"flipx": true, "flipy": true, "rotxy": [1, 2, 3]}, "grid_size": [10, 6, 6], "pattern_size": [2, 3, 3], "elapsed": {"0": 294.56228399276733, "1": 356.2228741645813, "2": 312.89187026023865, "3": 320.5102570056915, "4": 715.4086029529572, "5": 442.4769141674042, "6": 549.0168967247009, "7": 381.89564871788025, "8": 554.8304550647736, "9": 150.65652203559875, "total": 4078.5152242183685}, "num_fails": "6/10"}