{"game_num_success": 14, "game_num_trivial": 8, "game_pct_trivial": 0.5714285714285714, "game_num_has_extra_P": 3, "game_pct_has_extra_P": 0.21428571428571427}