{"train_paths": ["src/training_data/limerick"], "padding": {"pad_width": [[0, 1], [1, 1], [1, 1]], "constant_values": [["t", "T"], ["_", "W"], ["_", "_"]], "axis_order": [2, 1, 0]}, "local_transforms": {"flipy": true}, "global_transforms": {"flipy": true}, "grid_size": [10, 5, 7], "pattern_size": [2, 3, 3], "elapsed": {"0": 52.02047896385193, "1": 52.04256010055542, "2": 51.9342782497406, "3": 52.070796728134155, "4": 52.025246381759644, "5": 52.70321702957153, "6": 52.45043897628784, "7": 52.323309898376465, "8": 52.749439001083374, "9": 52.846503257751465, "total": 523.1947178840637}, "num_fails": "0/10"}