{"train_paths": ["src/training_data/simple_path/path_no_walls/path_3_2_nw.json"], "padding": {"pad_width": [[0, 1], [1, 1], [1, 1]], "constant_values": [["t", "T"], ["_", "_"], ["_", "_"]], "axis_order": [2, 1, 0]}, "local_transforms": {"flipx": true, "flipy": true, "rotxy": [1, 2, 3]}, "global_transforms": {"flipx": true, "flipy": true, "rotxy": [1, 2, 3]}, "grid_size": [10, 6, 6], "pattern_size": [2, 3, 3], "elapsed": {"0": 198.84055495262146, "1": 76.56686902046204, "2": 105.24436497688293, "3": 104.414235830307, "4": 146.07335925102234, "5": 114.9445230960846, "6": 111.75824999809265, "7": 155.285573720932, "8": 124.69447827339172, "9": 29.58653688430786, "total": 1167.450236082077, "average": 116.7450236082077}, "num_fails": "5/10", "init_fn": "path_no_blank", "success": {"7": true, "f": false, "8": true, "4": true, "6": true, "5": true}, "effective_length": {"7": 1, "8": 2, "4": 10, "6": 3, "5": 8, "average": 4.8}, "has_extra_P": {"7": true, "8": true, "4": true, "6": true, "5": false}, "unbroken_effective_length": {"5": 8, "average": 8.0}, "num_trivial_unbroken": 0, "num_trivial": 3, "num_has_extra_P": 4, "pct_trivial": 0.6, "pct_has_extra_P": 0.8}