{"train_paths": ["src/training_data/simple_path/path_no_walls"], "padding": {"pad_width": [[0, 1], [1, 1], [1, 1]], "constant_values": [["t", "T"], ["_", "_"], ["_", "_"]], "axis_order": [2, 1, 0]}, "local_transforms": {"flipx": true, "flipy": true, "rotxy": [1, 2, 3]}, "global_transforms": {"flipx": true, "flipy": true, "rotxy": [1, 2, 3]}, "grid_size": [6, 4, 4], "pattern_size": [2, 3, 3], "elapsed": {"0": 11.125028133392334, "1": 12.729982852935791, "2": 5.8768839836120605, "3": 40.240330934524536, "4": 45.746264696121216, "5": 20.139195919036865, "6": 15.185405969619751, "7": 13.652599811553955, "8": 46.163015842437744, "9": 57.751319885253906, "total": 268.6323068141937, "average": 26.863230681419374}, "num_fails": "1/10", "init_fn": "path_no_blank", "success": {"2": true, "0": true, "3": true, "4": true, "8": true, "9": true, "f": false, "6": true, "7": true, "5": true}, "effective_length": {"2": 2, "0": 6, "3": 2, "4": 2, "8": 3, "9": 4, "6": 6, "7": 5, "5": 5, "average": 3.888888888888889}, "has_extra_P": {"2": false, "0": false, "3": false, "4": true, "8": false, "9": true, "6": true, "7": true, "5": false}, "unbroken_effective_length": {"2": 2, "0": 6, "3": 2, "8": 3, "5": 5, "average": 3.6}, "num_trivial_unbroken": 3, "num_trivial": 4, "num_has_extra_P": 4, "pct_trivial": 0.4444444444444444, "pct_has_extra_P": 0.4444444444444444, "pct_trivial_unbroken": 0.6}