{"train_paths": ["src/training_data/blockdude/solutions/block_01"], "padding": {"pad_width": [[0, 1], [1, 1], [1, 1]], "constant_values": [["t", "T"], ["_", "W"], ["_", "_"]], "axis_order": [2, 1, 0]}, "local_transforms": {}, "global_transforms": {"flip_x": true}, "grid_size": [10, 6, 6], "pattern_size": [2, 3, 3], "elapsed": {"0": 602.4184000492096, "1": 581.9966220855713, "2": 584.8865978717804, "3": 582.4675657749176, "4": 586.2566578388214, "5": 615.1879618167877, "6": 605.2896020412445, "7": 607.5506899356842, "8": 607.8574521541595, "9": 1229.2147929668427, "total": 6603.1756410598755}, "num_fails": "0/10"}