{
    "train_paths": [
        "stwfc/training_data/maze/small_maze.json"
    ],
    "padding": {
        "pad_width": [
            [
                0,
                1
            ],
            [
                1,
                1
            ],
            [
                1,
                1
            ]
        ],
        "constant_values": [
            [
                "t",
                "T"
            ],
            [
                "W",
                "W"
            ],
            [
                "W",
                "W"
            ]
        ],
        "axis_order": [
            2,
            1,
            0
        ]
    },
    "local_transforms": {
        "flipx": true,
        "flipy": true,
        "rotxy": [
            1,
            2,
            3
        ]
    },
    "global_transforms": {
        "flipx": true,
        "flipy": true,
        "rotxy": [
            1,
            2,
            3
        ]
    },
    "grid_size": [
        6,
        6,
        6
    ],
    "pattern_size": [
        2,
        3,
        3
    ],
    "elapsed": {
        "0": 145.0363757610321,
        "1": 1230.852914094925,
        "2": 580.5430228710175,
        "3": 888.1601030826569,
        "4": 620.1007945537567,
        "5": 414.94984221458435,
        "6": 433.4392476081848,
        "7": 568.3492269515991,
        "8": 912.3506355285645,
        "9": 411.83076882362366,
        "total": 6205.65997004509
    },
    "num_fails": "8/10"
}