{"train_paths": ["src/training_data/simple_path/path_no_walls/path_3_2_nw.json"], "padding": {"pad_width": [[0, 1], [2, 2], [2, 2]], "constant_values": [["t", "T"], ["_", "_"], ["_", "_"]], "axis_order": [2, 1, 0]}, "local_transforms": {"flipx": true, "flipy": true, "rotxy": [1, 2, 3]}, "global_transforms": {"flipx": true, "flipy": true, "rotxy": [1, 2, 3]}, "grid_size": [10, 6, 6], "pattern_size": [2, 3, 3], "elapsed": {"0": 523.411780834198, "1": 308.84414196014404, "2": 578.9679329395294, "3": 550.2150461673737, "4": 266.57373428344727, "5": 269.5197558403015, "6": 517.9214441776276, "7": 332.9443910121918, "8": 434.46317315101624, "9": 179.9799449443817, "total": 3962.8838260173798}, "num_fails": "3/10"}