{"train_paths": ["src/training_data/simple_path/path_no_walls"], "padding": {"pad_width": [[0, 1], [1, 1], [1, 1]], "constant_values": [["t", "T"], ["_", "_"], ["_", "_"]], "axis_order": [2, 1, 0]}, "local_transforms": {"flipx": true, "flipy": true, "rotxy": [1, 2, 3]}, "global_transforms": {"flipx": true, "flipy": true, "rotxy": [1, 2, 3]}, "grid_size": [6, 4, 4], "pattern_size": [2, 3, 3], "elapsed": {"0": 11.125028133392334, "1": 12.729982852935791, "2": 5.8768839836120605, "3": 40.240330934524536, "4": 45.746264696121216, "5": 20.139195919036865, "6": 15.185405969619751, "7": 13.652599811553955, "8": 46.163015842437744, "9": 57.751319885253906, "total": 268.6323068141937}, "num_fails": "1/10"}