{"train_paths": ["src/training_data/limerick"], "padding": {"pad_width": [[1, 1], [1, 1], [1, 1]], "constant_values": [["t", "T"], ["_", "W"], ["_", "_"]], "axis_order": [2, 1, 0]}, "local_transforms": {"flipx": true}, "global_transforms": {"flipx": true}, "grid_size": [10, 10, 10], "pattern_size": [2, 3, 3], "elapsed": {"0": 992.7021470069885, "1": 1004.0707240104675, "2": 1006.8383848667145, "3": 997.8241519927979, "4": 1036.5318620204926, "5": 1044.1441390514374, "6": 1037.1319432258606, "7": 1032.4659571647644, "8": 1031.7045333385468, "9": 1032.2834119796753, "total": 10215.748564958572}, "num_fails": "0/10"}