{"train_paths": ["src/training_data/sokoban"], "padding": {"pad_width": [[0, 1], [1, 1], [1, 1]], "constant_values": [["t", "T"], ["_", "_"], ["_", "_"]], "axis_order": [2, 1, 0]}, "local_transforms": {"flipx": true, "flipy": true, "rotxy": [1, 2, 3]}, "global_transforms": {"flipx": true, "flipy": true, "rotxy": [1, 2, 3]}, "grid_size": [7, 4, 4], "pattern_size": [2, 3, 3], "elapsed": {"0": 4095.510749101639, "1": 4001.425337076187, "2": 591.8010408878326, "3": 705.8847210407257, "4": 3997.4102022647858, "5": 355.8540050983429, "6": 4066.771998167038, "7": 2136.6900000572205, "8": 706.7128689289093, "9": 4066.887156009674, "total": 24724.98797106743}, "num_fails": "2/10"}