{"train_paths": ["src/training_data/simple_path/path_big/path_1.json", "src/training_data/simple_path/path_big/path_3_2.json"], "padding": {"pad_width": [[0, 1], [1, 1], [1, 1]], "constant_values": [["t", "T"], ["W", "W"], ["W", "W"]], "axis_order": [2, 1, 0]}, "local_transforms": {"flipx": true, "flipy": true, "rotxy": [1, 2, 3]}, "global_transforms": {"flipx": true, "flipy": true, "rotxy": [1, 2, 3]}, "grid_size": [10, 6, 6], "pattern_size": [2, 3, 3], "elapsed": {"0": 54.76129198074341, "1": 1094.196798324585, "2": 639.3170781135559, "3": 1070.6428389549255, "4": 710.483659029007, "5": 427.43268609046936, "6": 550.4167990684509, "7": 657.7001478672028, "8": 1070.566386938095, "9": 486.1845519542694, "total": 6761.743470191956, "average": 676.1743470191956}, "num_fails": "10/10", "init_fn": "path_no_blank", "success": {"9": false, "0": false, "7": false, "6": false, "1": false, "8": false, "4": false, "3": false, "2": false, "5": false}, "effective_length": {}}