{"train_paths": ["src/training_data/simple_path/path_big/path_1.json", "src/training_data/simple_path/path_big/path_3_2.json"], "padding": {"pad_width": [[0, 1], [1, 1], [1, 1]], "constant_values": [["t", "T"], ["W", "W"], ["W", "W"]], "axis_order": [2, 1, 0]}, "local_transforms": {"flipx": true, "flipy": true, "rotxy": [1, 2, 3]}, "global_transforms": {"flipx": true, "flipy": true, "rotxy": [1, 2, 3]}, "grid_size": [10, 6, 6], "pattern_size": [2, 3, 3], "elapsed": {"0": 220.44148778915405, "1": 970.5796551704407, "2": 470.1173298358917, "3": 992.3819599151611, "4": 119.82553696632385, "5": 1068.583368062973, "6": 1002.1864547729492, "7": 969.9754092693329, "8": 526.7266380786896, "9": 967.7309629917145, "total": 7308.589234113693}, "num_fails": "7/10"}