{"train_paths": ["src/training_data/simple_path/path_no_walls/path_3_2_nw.json"], "padding": {"pad_width": [[0, 1], [3, 3], [3, 3]], "constant_values": [["t", "T"], ["_", "_"], ["_", "_"]], "axis_order": [2, 1, 0]}, "local_transforms": {"flipx": true, "flipy": true, "rotxy": [1, 2, 3]}, "global_transforms": {"flipx": true, "flipy": true, "rotxy": [1, 2, 3]}, "grid_size": [6, 4, 4], "pattern_size": [2, 3, 3], "elapsed": {"0": 135.33935379981995, "1": 365.01847195625305, "2": 200.59519410133362, "3": 142.43034410476685, "4": 123.74205088615417, "5": 137.0147430896759, "6": 181.49595403671265, "7": 183.45177602767944, "8": 176.07536697387695, "9": 148.38893795013428, "total": 1793.5831270217896, "average": 179.35831270217895}, "num_fails": "2/10", "init_fn": "path_no_blank", "success": {"9": true, "0": true, "7": true, "6": true, "1": false, "8": true, "4": false, "3": true, "2": true, "5": true}, "effective_length": {"9": 5, "0": 2, "7": 4, "6": 1, "8": 1, "3": 2, "2": 2, "5": 6, "average": 2.875}, "num_trivial": 5, "num_has_extra_P": 5, "pct_trivial": 0.625, "pct_has_extra_P": 0.625}