{"train_paths": ["src/training_data/sokoban"], "padding": {"pad_width": [[0, 1], [1, 1], [1, 1]], "constant_values": [["t", "T"], ["_", "_"], ["_", "_"]], "axis_order": [2, 1, 0]}, "local_transforms": {"flipx": true, "flipy": true, "rotxy": [1, 2, 3]}, "global_transforms": {"flipx": true, "flipy": true, "rotxy": [1, 2, 3]}, "grid_size": [6, 4, 4], "pattern_size": [2, 3, 3], "elapsed": {"0": 3492.4133911132812, "1": 2526.8571960926056, "2": 3425.7168159484863, "3": 3386.3771319389343, "4": 3328.352301597595, "5": 3429.426780939102, "6": 3452.912754058838, "7": 323.6669251918793, "8": 4892.321874856949, "9": 2450.173348903656, "total": 30708.292555093765, "average": 3070.8292555093767}, "num_fails": "4/10", "success": {"2": true, "7": true, "f": false, "0": true, "3": true, "9": true, "4": true}, "effective_length": {"2": 2, "7": 6, "0": 3, "3": 2, "9": 2, "4": 6, "average": 3.5}, "has_extra_P": {"2": true, "7": false, "0": true, "3": true, "9": true, "4": false}, "unbroken_effective_length": {"7": 6, "4": 6, "average": 6.0}, "num_trivial_unbroken": 0, "num_trivial": 4, "num_has_extra_P": 4, "pct_trivial": 0.6666666666666666, "pct_has_extra_P": 0.6666666666666666}