{"train_paths": ["src/training_data/sokoban"], "padding": {"pad_width": [[0, 1], [1, 1], [1, 1]], "constant_values": [["t", "T"], ["_", "_"], ["_", "_"]], "axis_order": [2, 1, 0]}, "local_transforms": {"flipx": true, "flipy": true, "rotxy": [1, 2, 3]}, "global_transforms": {"flipx": true, "flipy": true, "rotxy": [1, 2, 3]}, "grid_size": [6, 4, 4], "pattern_size": [2, 3, 3], "elapsed": {"0": 3492.4133911132812, "1": 2526.8571960926056, "2": 3425.7168159484863, "3": 3386.3771319389343, "4": 3328.352301597595, "5": 3429.426780939102, "6": 3452.912754058838, "7": 323.6669251918793, "8": 4892.321874856949, "9": 2450.173348903656, "total": 30708.292555093765}, "num_fails": "4/10"}