{"train_paths": ["src/training_data/simple_path/path_big/path_1.json", "src/training_data/simple_path/path_big/path_3_2.json"], "padding": {"pad_width": [[0, 1], [1, 1], [1, 1]], "constant_values": [["t", "T"], ["_", "_"], ["_", "_"]], "axis_order": [2, 1, 0]}, "local_transforms": {"flipx": true, "flipy": true, "rotxy": [1, 2, 3]}, "global_transforms": {"flipx": true, "flipy": true, "rotxy": [1, 2, 3]}, "grid_size": [10, 6, 6], "pattern_size": [2, 3, 3], "elapsed": {"0": 334.7932679653168, "1": 933.6861529350281, "2": 622.8310761451721, "3": 831.5777888298035, "4": 911.5568499565125, "5": 1024.0654022693634, "6": 1200.466702222824, "7": 420.73480105400085, "8": 925.9055879116058, "9": 545.7168760299683, "total": 7751.383217096329, "average": 775.1383217096329}, "num_fails": "6/10", "init_fn": "path_no_blank", "success": {"4": true, "0": false, "7": false, "6": false, "1": false, "8": true, "9": true, "3": false, "2": false, "5": true}, "effective_length": {"4": 10, "8": 8, "9": 10, "5": 10, "average": 9.5}, "num_trivial": 0, "num_has_extra_P": 4, "pct_trivial": 0.0, "pct_has_extra_P": 1.0}