{"train_paths": ["src/training_data/simple_path/path_no_walls/path_3_2_nw.json"], "padding": {"pad_width": [[0, 1], [1, 1], [1, 1]], "constant_values": [["t", "T"], ["_", "_"], ["_", "_"]], "axis_order": [2, 1, 0]}, "local_transforms": {"flipx": true, "flipy": true, "rotxy": [1, 2, 3]}, "global_transforms": {"flipx": true, "flipy": true, "rotxy": [1, 2, 3]}, "grid_size": [10, 6, 6], "pattern_size": [2, 3, 3], "elapsed": {"0": 198.84055495262146, "1": 76.56686902046204, "2": 105.24436497688293, "3": 104.414235830307, "4": 146.07335925102234, "5": 114.9445230960846, "6": 111.75824999809265, "7": 155.285573720932, "8": 124.69447827339172, "9": 29.58653688430786, "total": 1167.450236082077}, "num_fails": "5/10"}