{"train_paths": ["src/training_data/sokoban"], "padding": {"pad_width": [[0, 1], [1, 1], [1, 1]], "constant_values": [["t", "T"], ["_", "_"], ["_", "_"]], "axis_order": [2, 1, 0]}, "local_transforms": {"flipx": true, "flipy": true, "rotxy": [1, 2, 3]}, "global_transforms": {"flipx": true, "flipy": true, "rotxy": [1, 2, 3]}, "grid_size": [7, 4, 4], "pattern_size": [2, 3, 3], "elapsed": {"0": 329.7155783176422, "1": 3175.760878801346, "2": 496.2974979877472, "3": 329.7253358364105, "4": 347.6818687915802, "5": 3999.5429649353027, "6": 3946.1104481220245, "7": 5893.59298491478, "8": 1974.2855820655823, "9": 413.90039920806885, "total": 20906.660977125168}, "num_fails": "4/10"}