{"train_paths": ["src/training_data/sokoban"], "padding": {"pad_width": [[0, 1], [1, 1], [1, 1]], "constant_values": [["t", "T"], ["_", "_"], ["_", "_"]], "axis_order": [2, 1, 0]}, "local_transforms": {"flipx": true, "flipy": true, "rotxy": [1, 2, 3]}, "global_transforms": {"flipx": true, "flipy": true, "rotxy": [1, 2, 3]}, "grid_size": [7, 4, 4], "pattern_size": [2, 3, 3], "elapsed": {"0": 4095.510749101639, "1": 4001.425337076187, "2": 591.8010408878326, "3": 705.8847210407257, "4": 3997.4102022647858, "5": 355.8540050983429, "6": 4066.771998167038, "7": 2136.6900000572205, "8": 706.7128689289093, "9": 4066.887156009674, "total": 24724.98797106743, "average": 2472.498797106743}, "num_fails": "2/10", "success": {"7": true, "0": true, "2": true, "f": false, "8": true, "9": true, "3": true, "5": true, "1": true}, "effective_length": {"7": 2, "0": 5, "2": 3, "8": 2, "9": 5, "3": 2, "5": 2, "1": 2, "average": 2.875}, "has_extra_P": {"7": true, "0": false, "2": true, "8": true, "9": false, "3": true, "5": false, "1": true}, "unbroken_effective_length": {"0": 5, "9": 5, "5": 2, "average": 4.0}, "num_trivial_unbroken": 1, "num_trivial": 6, "num_has_extra_P": 5, "pct_trivial": 0.75, "pct_has_extra_P": 0.625, "pct_trivial_unbroken": 0.3333333333333333}