{
    "train_paths": [
        "stwfc/training_data/field/path_3_2_nw.json"
    ],
    "padding": {
        "pad_width": [
            [
                0,
                1
            ],
            [
                1,
                1
            ],
            [
                1,
                1
            ]
        ],
        "constant_values": [
            [
                "t",
                "T"
            ],
            [
                "_",
                "_"
            ],
            [
                "_",
                "_"
            ]
        ],
        "axis_order": [
            2,
            1,
            0
        ]
    },
    "local_transforms": {
        "flipx": true,
        "flipy": true,
        "rotxy": [
            1,
            2,
            3
        ]
    },
    "global_transforms": {
        "flipx": true,
        "flipy": true,
        "rotxy": [
            1,
            2,
            3
        ]
    },
    "grid_size": [
        6,
        4,
        4
    ],
    "pattern_size": [
        2,
        3,
        3
    ],
    "elapsed": {
        "0": 4.463939905166626,
        "1": 14.091910362243652,
        "2": 4.713213205337524,
        "3": 7.599185228347778,
        "4": 3.800206422805786,
        "5": 31.09856677055359,
        "6": 7.502470016479492,
        "7": 12.561860084533691,
        "8": 2.635171890258789,
        "9": 19.465614318847656,
        "total": 107.94417572021484
    },
    "num_fails": "5/10"
}