{"train_paths": ["stwfc/training_data/field/path_3_2_nw.json"], "padding": {"pad_width": [[0, 1], [1, 1], [1, 1]], "constant_values": [["t", "T"], ["_", "_"], ["_", "_"]], "axis_order": [2, 1, 0]}, "local_transforms": {"flipx": true, "flipy": true, "rotxy": [1, 2, 3]}, "global_transforms": {"flipx": true, "flipy": true, "rotxy": [1, 2, 3]}, "grid_size": [6, 4, 4], "pattern_size": [2, 3, 3], "elapsed": {"0": 4.341732740402222, "1": 10.422282457351685, "2": 4.04061484336853, "3": 7.332786321640015, "4": 3.7130630016326904, "5": 30.713308095932007, "6": 10.691155433654785, "7": 9.41579270362854, "8": 2.6228747367858887, "9": 22.306936502456665, "total": 105.61077332496643}, "num_fails": "5/10"}