{
    "train_paths": [
        "stwfc/training_data/field/path_3_2_nw.json"
    ],
    "padding": {
        "pad_width": [
            [
                0,
                1
            ],
            [
                1,
                1
            ],
            [
                1,
                1
            ]
        ],
        "constant_values": [
            [
                "t",
                "T"
            ],
            [
                "_",
                "_"
            ],
            [
                "_",
                "_"
            ]
        ],
        "axis_order": [
            2,
            1,
            0
        ]
    },
    "local_transforms": {
        "flipx": true,
        "flipy": true,
        "rotxy": [
            1,
            2,
            3
        ]
    },
    "global_transforms": {
        "flipx": true,
        "flipy": true,
        "rotxy": [
            1,
            2,
            3
        ]
    },
    "grid_size": [
        7,
        6,
        6
    ],
    "pattern_size": [
        2,
        3,
        3
    ],
    "elapsed": {
        "0": 233.1209261417389,
        "1": 74.99311947822571,
        "2": 105.70651578903198,
        "3": 97.30964064598083,
        "4": 96.58673334121704,
        "5": 154.40417528152466,
        "6": 103.06520390510559,
        "7": 170.3531641960144,
        "8": 124.7845549583435,
        "9": 118.86664342880249,
        "total": 1279.2116961479187
    },
    "num_fails": "6/10"
}