{
    "train_paths": [
        "stwfc/training_data/field/path_3_2_nw.json"
    ],
    "padding": {
        "pad_width": [
            [
                0,
                1
            ],
            [
                1,
                1
            ],
            [
                1,
                1
            ]
        ],
        "constant_values": [
            [
                "t",
                "T"
            ],
            [
                "_",
                "_"
            ],
            [
                "_",
                "_"
            ]
        ],
        "axis_order": [
            2,
            1,
            0
        ]
    },
    "local_transforms": {
        "flipx": true,
        "flipy": true,
        "rotxy": [
            1,
            2,
            3
        ]
    },
    "global_transforms": {
        "flipx": true,
        "flipy": true,
        "rotxy": [
            1,
            2,
            3
        ]
    },
    "grid_size": [
        6,
        6,
        6
    ],
    "pattern_size": [
        2,
        3,
        3
    ],
    "elapsed": {
        "0": 116.9746925830841,
        "1": 48.41794395446777,
        "2": 69.68063521385193,
        "3": 60.205730676651,
        "4": 86.87420797348022,
        "5": 58.775073289871216,
        "6": 122.32800102233887,
        "7": 88.05576825141907,
        "8": 45.32844948768616,
        "9": 96.46916127204895,
        "total": 793.1254296302795
    },
    "num_fails": "4/10"
}