{"train_paths": ["src/training_data/simple_path/path_no_walls/path_3_2_nw.json"], "padding": {"pad_width": [[0, 1], [1, 1], [1, 1]], "constant_values": [["t", "T"], ["_", "_"], ["_", "_"]], "axis_order": [2, 1, 0]}, "local_transforms": {"flipx": true, "flipy": true, "rotxy": [1, 2, 3]}, "global_transforms": {"flipx": true, "flipy": true, "rotxy": [1, 2, 3]}, "grid_size": [10, 6, 6], "pattern_size": [2, 3, 3], "elapsed": {"0": 102.67637705802917, "1": 132.73501706123352, "2": 80.03949093818665, "3": 99.20981001853943, "4": 144.06291103363037, "5": 94.23176789283752, "6": 194.43865084648132, "7": 56.91181421279907, "8": 105.56460404396057, "9": 91.17807507514954, "total": 1101.0959470272064}, "num_fails": "4/10"}