{"train_paths": ["src/training_data/maze"], "padding": {"pad_width": [[0, 1], [1, 1], [1, 1]], "constant_values": [["t", "T"], ["W", "W"], ["W", "W"]], "axis_order": [2, 1, 0]}, "local_transforms": {"flipx": true, "flipy": true, "rotxy": [1, 2, 3]}, "global_transforms": {"flipx": true, "flipy": true, "rotxy": [1, 2, 3]}, "grid_size": [10, 4, 4], "pattern_size": [2, 3, 3], "elapsed": {"0": 79.68717813491821, "1": 3233.3608701229095, "2": 8380.874029159546, "3": 8665.587046861649, "4": 1032.545135974884, "5": 601.6775228977203, "6": 1216.3062031269073, "7": 9751.262790203094, "8": 12023.660838127136, "9": 848.746346950531, "total": 45833.74466204643}, "num_fails": "7/10"}